Month,"European Union (EU6-1958, EU9-1973, EU10-1981, EU12-1986, EU15-1995, EU25-2004, EU27-2007, EU28-2013, EU27-2020)",European Union - 27 countries (from 2020),European Union - 28 countries (2013-2020),"Euro area (EA11-1999, EA12-2001, EA13-2007, EA15-2008, EA16-2009, EA17-2011, EA18-2014, EA19-2015)",Euro area - 19 countries  (from 2015),Euro area - 18 countries (2014),Belgium,Bulgaria,Czechia,Denmark,Germany (until 1990 former territory of the FRG),Estonia,Ireland,Greece,Spain,France,Croatia,Italy,Cyprus,Latvia,Lithuania,Luxembourg,Hungary,Malta,Netherlands,Austria,Poland,Portugal,Romania,Slovenia,Slovakia,Finland,Sweden,"European Economic Area (EEA18-1995, EEA28-2004, EEA30-2007, EEA31-2013, EEA30-2020)",Iceland,Norway,Switzerland,United Kingdom,North Macedonia,Serbia,Turkey,United States
2006-01-01,83.28,84.10,83.24,85.35,85.24,85.29,82.33,73.81,82.8,85.1,86.1,70.73,91.5,85.76,84.60,86.97,81.23,84.0,85.07,69.88,73.29,81.35,69.36,80.32,85.81,82.84,80.4,86.51,68.12,81.44,84.35,82.21,87.04,83.25,56.76,83.4,97.90,78.5,82.76,52.9,47.35,83.63
2006-02-01,83.52,84.35,83.49,85.59,85.48,85.53,84.22,75.70,82.8,85.8,86.4,71.10,92.6,84.41,84.66,87.31,81.79,83.9,84.99,70.16,73.33,82.57,69.62,80.82,86.24,83.12,80.4,86.68,68.29,81.75,84.62,82.84,87.36,83.50,56.63,84.2,98.10,78.8,83.01,53.5,47.45,83.69
2006-03-01,83.92,84.79,83.88,86.09,85.98,86.02,84.16,75.87,82.7,86.1,86.5,71.17,92.9,86.73,85.26,87.69,82.04,84.9,85.99,70.30,73.48,82.71,70.02,81.69,86.93,83.34,80.5,87.72,68.43,82.35,84.63,83.09,87.93,83.90,57.27,84.4,98.00,78.9,83.08,53.9,47.58,84.15
2006-04-01,84.47,85.35,84.42,86.66,86.55,86.60,84.63,76.35,82.9,86.6,86.8,71.67,93.4,87.59,86.49,88.08,82.57,85.7,86.87,70.75,73.99,83.11,70.55,85.08,87.34,83.82,81.1,88.22,68.72,83.08,84.89,83.53,88.41,84.45,57.72,85.2,98.80,79.4,83.31,54.9,48.22,85.03
2006-05-01,84.76,85.61,84.72,86.89,86.79,86.84,84.93,76.52,83.3,86.7,87.0,72.06,93.9,87.69,86.80,88.46,83.07,85.9,87.04,71.92,74.31,83.62,71.31,85.63,87.30,83.83,81.5,88.70,69.13,83.83,85.31,83.46,88.59,84.74,58.39,85.2,98.90,79.9,84.42,56.0,49.13,85.52
2006-06-01,84.85,85.67,84.81,86.96,86.85,86.90,85.00,75.78,83.4,86.9,87.1,72.40,94.0,87.64,86.94,88.46,83.37,86.0,87.22,71.83,74.50,83.84,71.50,85.42,87.01,83.84,81.3,88.66,69.25,83.58,85.43,83.47,88.59,84.82,59.15,85.1,98.90,80.1,83.82,56.0,49.29,85.64
2006-07-01,84.76,85.58,84.72,86.85,86.75,86.79,84.09,75.95,83.7,86.7,87.5,72.72,94.0,86.90,86.45,88.29,82.74,85.8,86.09,72.27,74.88,83.33,71.63,85.74,86.71,83.71,81.3,88.53,69.33,83.34,85.53,83.09,88.29,84.74,59.40,84.9,98.30,80.0,83.58,55.4,49.71,85.82
2006-08-01,84.91,85.67,84.86,86.93,86.83,86.87,85.54,75.92,83.9,86.7,87.4,73.24,94.6,86.00,86.65,88.58,82.77,85.6,86.61,72.09,74.83,84.26,72.37,85.49,87.12,83.97,81.6,88.46,69.28,83.92,85.44,83.33,88.32,84.88,59.66,84.8,98.40,80.4,83.22,55.5,49.49,86.01
2006-09-01,84.95,85.70,84.90,86.93,86.83,86.88,85.13,75.63,83.5,87.0,87.0,73.07,94.4,87.76,86.48,88.40,82.38,86.2,87.65,72.57,74.73,83.80,73.35,85.66,87.54,83.85,81.6,88.82,69.32,84.19,85.27,83.41,88.75,84.93,60.09,86.2,98.20,80.5,82.93,55.5,50.13,85.41
2006-10-01,85.02,85.76,84.97,87.00,86.90,86.94,84.88,76.14,83.1,86.9,87.1,72.99,94.4,88.34,86.84,88.19,82.31,86.3,88.12,72.86,75.48,83.34,73.68,85.20,87.39,83.80,81.6,88.84,69.46,83.57,85.29,83.54,88.92,85.00,60.20,86.2,98.50,80.6,83.06,55.5,50.76,84.63
2006-11-01,85.08,85.82,85.06,87.03,86.94,86.98,85.06,76.95,82.9,86.9,87.0,73.55,94.4,88.20,87.05,88.30,82.60,86.4,88.03,73.57,76.07,83.43,73.84,82.26,87.37,83.91,81.6,88.84,70.22,83.83,85.74,83.54,88.93,85.07,60.16,86.0,98.40,80.8,83.79,55.9,51.42,84.45
2006-12-01,85.40,86.12,85.39,87.37,87.27,87.31,85.17,77.66,83.1,86.9,87.8,73.76,94.8,88.71,87.30,88.51,82.62,86.5,87.80,73.80,76.24,83.50,73.93,82.19,87.07,84.22,81.4,89.00,70.74,84.17,85.80,83.56,88.91,85.38,60.17,85.5,98.40,81.3,83.71,55.9,51.54,84.61
2007-01-01,85.03,85.80,85.02,86.92,86.83,86.87,83.73,78.79,83.9,86.6,87.6,74.27,94.2,88.36,86.67,88.17,82.81,85.6,86.30,74.83,76.25,83.22,75.21,81.27,86.86,84.28,81.7,88.74,70.89,83.76,86.23,83.29,88.46,85.00,60.33,84.5,97.90,80.6,83.71,56.1,52.05,84.76
2007-02-01,85.31,86.07,85.29,87.17,87.08,87.12,85.71,79.20,84.1,87.4,88.0,74.38,95.1,86.97,86.73,88.36,83.03,85.7,86.04,75.24,76.54,84.09,75.87,81.46,87.42,84.54,82.0,88.71,70.93,83.67,86.31,83.81,88.87,85.28,60.40,84.9,98.10,81.0,83.65,56.0,52.27,85.16
2007-03-01,85.83,86.61,85.81,87.75,87.66,87.70,85.71,79.23,84.4,87.8,88.2,75.17,95.7,89.13,87.40,88.77,83.65,86.6,87.19,76.26,76.97,84.66,76.32,82.09,88.55,84.94,82.4,89.82,70.98,84.57,86.36,84.42,89.37,85.80,59.99,85.5,98.30,81.4,83.96,56.3,52.75,86.13
2007-04-01,86.31,87.15,86.30,88.31,88.22,88.26,86.14,79.70,85.0,88.0,88.6,75.71,96.1,89.83,88.64,89.25,84.25,87.2,88.29,76.98,77.64,85.15,76.67,84.17,89.04,85.30,82.8,90.65,71.35,85.51,86.60,84.81,89.79,86.28,60.15,85.6,99.30,81.6,84.35,56.6,53.39,86.85
2007-05-01,86.54,87.38,86.53,88.52,88.43,88.47,86.04,79.96,85.3,88.2,88.7,76.32,96.4,89.99,88.89,89.48,84.70,87.5,88.73,77.55,78.01,85.52,77.30,84.76,89.07,85.45,83.3,90.81,71.81,86.49,86.62,84.55,89.67,86.51,60.73,85.7,99.50,81.8,85.03,57.4,53.66,87.58
2007-06-01,86.65,87.48,86.64,88.61,88.52,88.56,86.10,79.79,85.6,88.0,88.8,76.74,96.6,89.95,89.06,89.61,84.51,87.7,88.70,78.21,78.21,85.73,77.58,84.93,88.61,85.45,83.4,90.78,71.92,86.79,86.68,84.67,89.78,86.62,60.95,85.6,99.60,82.0,85.00,57.6,53.53,87.67
2007-07-01,86.42,87.31,86.41,88.39,88.31,88.35,85.19,81.15,85.9,87.6,89.3,77.47,96.5,89.27,88.44,89.32,84.16,87.2,88.10,79.14,78.71,85.04,77.58,85.54,87.94,85.39,83.3,90.56,72.14,86.70,86.58,84.44,89.50,86.39,60.93,85.4,99.00,81.5,84.88,57.6,53.14,87.52
2007-08-01,86.53,87.38,86.52,88.45,88.37,88.40,86.52,82.96,86.1,87.4,89.1,77.74,96.9,88.36,88.59,89.70,84.61,87.0,88.56,79.46,78.98,85.83,77.54,86.00,88.05,85.42,83.2,90.18,72.76,86.83,86.50,84.45,89.39,86.50,60.72,85.4,98.90,81.8,85.11,58.9,53.15,87.26
2007-09-01,86.85,87.75,86.84,88.78,88.71,88.74,86.36,83.96,85.9,88.0,89.3,78.56,97.1,90.35,88.85,89.83,85.19,87.7,89.70,80.92,80.07,85.89,78.07,86.43,88.66,85.63,83.8,90.57,73.55,87.22,86.75,84.83,90.14,86.82,61.38,86.0,99.00,81.9,85.62,59.8,53.70,87.61
2007-10-01,87.30,88.21,87.28,89.21,89.15,89.18,86.76,84.24,86.4,88.4,89.4,79.37,97.2,90.98,90.00,90.08,85.50,88.3,90.49,82.51,81.24,86.35,78.73,86.52,88.79,86.20,84.2,91.04,74.27,87.85,87.35,85.07,90.59,87.26,61.60,86.0,99.80,82.3,85.90,60.2,54.67,87.80
2007-11-01,87.75,88.71,87.74,89.69,89.63,89.66,87.50,85.74,87.2,89.1,89.9,80.37,97.7,91.67,90.65,90.62,86.30,88.6,90.84,83.65,82.10,86.77,79.14,84.64,88.93,86.61,84.7,91.33,74.96,88.66,87.70,85.37,91.09,87.71,61.82,86.9,100.20,82.5,87.01,60.9,55.74,88.56
2007-12-01,88.11,89.06,88.10,90.05,89.98,90.01,87.82,86.64,87.6,89.0,90.5,80.94,97.8,92.13,91.04,90.99,87.09,88.9,91.08,84.15,82.49,87.09,79.40,84.70,88.45,87.14,84.9,91.44,75.45,89.00,87.94,85.18,91.16,88.08,62.25,87.3,100.40,83.0,88.13,61.7,55.86,88.46
2008-01-01,87.92,88.94,87.92,89.70,89.67,89.69,86.68,87.98,90.5,89.3,90.2,82.63,97.1,91.82,90.46,90.98,87.58,88.3,89.81,86.52,83.87,86.71,80.74,84.37,88.42,86.89,85.3,91.31,76.09,89.09,88.97,86.16,91.15,87.89,62.21,86.9,100.40,82.4,89.89,62.4,56.31,88.88
2008-02-01,88.30,89.27,88.29,90.02,89.98,90.01,88.82,88.90,90.6,90.2,90.6,82.95,98.3,90.93,90.59,91.18,87.54,88.3,90.12,87.67,84.87,87.58,80.94,84.67,89.17,87.16,85.7,91.32,76.63,88.98,89.23,86.57,91.49,88.27,63.12,87.5,100.40,83.0,90.70,62.8,57.03,89.12
2008-03-01,89.04,90.08,89.03,90.90,90.87,90.89,89.47,89.71,90.4,90.7,91.1,83.62,99.3,93.03,91.41,91.91,88.14,89.7,91.06,88.94,85.77,88.37,81.42,85.63,90.23,87.95,86.0,92.65,77.15,90.16,89.49,87.44,92.30,89.00,64.10,87.9,100.70,83.4,91.41,63.8,57.58,90.03
2008-04-01,89.41,90.40,89.40,91.19,91.17,91.18,89.65,90.37,90.8,91.0,90.9,84.48,99.4,93.80,92.40,92.26,88.81,90.2,92.13,90.36,86.86,88.78,81.89,87.60,90.55,88.18,86.3,92.94,77.56,90.82,89.76,87.58,92.64,89.37,66.60,87.9,101.50,84.0,91.94,64.9,58.55,90.77
2008-05-01,89.97,90.96,89.97,91.76,91.74,91.75,90.43,91.14,91.1,91.4,91.5,84.99,100.0,94.44,93.04,92.79,89.88,90.8,92.85,91.28,87.58,89.66,82.64,88.22,90.92,88.66,86.9,93.39,77.94,91.88,90.10,88.05,93.02,89.93,67.85,88.1,102.10,84.6,92.22,65.5,59.43,91.81
2008-06-01,90.34,91.30,90.34,92.11,92.09,92.10,91.06,91.55,91.3,91.7,91.8,85.54,100.4,94.39,93.58,93.18,90.68,91.2,93.32,91.91,88.12,90.31,82.74,88.67,90.66,88.90,87.1,93.86,78.16,92.71,90.42,88.34,93.37,90.29,68.59,88.2,102.40,85.2,92.67,65.7,59.21,92.96
2008-07-01,90.26,91.22,90.27,91.97,91.95,91.97,90.21,92.86,91.7,91.4,92.3,86.16,99.9,93.68,93.15,92.93,90.90,90.7,92.81,92.23,88.49,89.97,82.99,90.33,90.55,88.64,87.1,93.39,78.71,92.70,90.41,88.10,92.92,90.23,69.23,88.8,102.20,85.1,91.91,65.1,59.55,93.50
2008-08-01,90.23,91.08,90.24,91.84,91.82,91.83,91.16,92.76,91.5,91.6,92.0,86.38,100.0,92.63,92.97,92.87,90.61,90.7,93.05,91.83,88.63,89.97,82.49,90.62,90.67,88.48,86.9,92.97,78.64,92.06,90.35,88.34,93.02,90.20,70.00,88.8,102.00,85.7,91.55,65.3,59.41,93.00
2008-09-01,90.48,91.28,90.48,92.01,92.00,92.01,91.07,93.57,91.3,92.0,92.0,87.04,100.2,94.61,92.92,92.84,90.51,91.1,94.17,92.85,89.08,90.05,82.45,90.66,91.13,88.82,87.2,93.44,78.96,92.06,90.70,88.83,93.91,90.46,70.83,90.1,101.80,86.1,91.35,66.0,59.67,92.87
2008-10-01,90.51,91.35,90.51,92.04,92.03,92.04,90.92,93.67,91.4,91.8,91.7,87.36,99.9,94.64,93.24,92.79,90.38,91.5,94.87,93.81,89.90,89.68,82.75,91.49,90.98,88.79,87.5,93.28,79.80,92.05,91.01,88.81,93.72,90.49,72.63,90.4,102.40,85.9,91.93,67.1,61.23,91.59
2008-11-01,90.17,90.97,90.17,91.59,91.59,91.60,90.32,93.26,90.8,91.6,91.2,87.17,99.8,94.43,92.83,92.32,90.16,91.1,93.69,93.34,89.63,88.51,82.37,88.76,90.61,88.56,87.7,92.63,80.07,91.24,91.12,88.35,93.26,90.15,74.05,89.7,101.40,85.8,92.01,67.2,61.74,89.17
2008-12-01,90.01,90.85,90.01,91.47,91.47,91.48,90.19,92.87,90.5,91.2,91.5,87.04,99.1,94.15,92.36,92.07,89.56,91.0,92.74,92.90,89.47,87.71,82.07,88.92,89.91,88.42,87.7,92.21,80.26,90.57,91.06,88.06,93.10,89.99,75.34,89.5,100.80,85.5,92.46,66.7,61.48,87.95
2009-01-01,89.46,90.32,89.47,90.71,90.73,90.72,88.50,93.28,91.8,90.8,91.1,86.51,98.3,93.64,91.19,91.67,90.40,89.5,90.64,94.90,91.81,86.71,82.66,86.96,89.95,87.90,88.0,91.41,81.26,90.30,91.38,88.30,93.02,89.44,75.81,89.1,100.30,84.9,92.19,68.4,61.66,88.32
2009-02-01,89.93,90.73,89.93,91.08,91.10,91.09,90.54,93.65,91.8,91.7,91.6,86.15,98.4,92.59,91.21,92.06,90.90,89.7,90.62,95.92,92.09,88.24,83.32,87.67,90.83,88.33,88.8,91.38,81.93,90.85,91.36,88.90,93.53,89.91,76.74,90.0,100.20,85.6,92.05,69.3,61.45,88.84
2009-03-01,90.25,91.08,90.25,91.42,91.44,91.43,90.04,93.33,92.0,92.1,91.4,85.75,98.5,94.45,91.36,92.24,91.16,90.7,91.85,95.99,92.09,88.13,83.73,89.01,91.89,88.49,89.5,92.10,82.34,91.58,91.11,89.23,94.04,90.23,76.86,90.1,100.00,85.8,92.39,69.6,62.12,89.06
2009-04-01,90.55,91.41,90.56,91.75,91.76,91.76,90.31,93.83,91.9,92.0,91.5,85.24,98.6,94.87,92.26,92.39,91.92,91.3,92.68,95.65,92.01,88.55,84.47,91.06,92.21,88.65,90.1,92.43,82.56,91.79,91.01,89.42,94.31,90.54,77.44,90.5,100.90,86.0,92.27,70.3,62.14,89.34
2009-05-01,90.72,91.51,90.72,91.80,91.80,91.80,90.21,93.83,92.0,92.3,91.4,85.26,98.3,95.11,92.22,92.52,92.10,91.5,93.35,95.27,91.85,88.82,85.77,91.26,92.31,88.71,90.6,92.22,82.57,92.37,91.07,89.37,94.63,90.70,78.54,90.7,100.90,86.4,93.31,71.1,62.53,89.82
2009-06-01,90.90,91.69,90.91,91.98,91.99,91.99,90.10,93.94,92.0,92.5,91.8,85.10,98.3,95.04,92.68,92.65,92.43,91.7,93.43,94.77,91.54,89.42,85.81,91.19,91.90,88.62,90.8,92.38,82.73,92.86,91.08,89.74,94.82,90.90,80.06,91.3,101.10,86.7,91.79,71.4,62.61,90.84
2009-07-01,90.48,91.19,90.49,91.38,91.38,91.38,88.65,93.81,91.6,92.0,91.7,85.82,97.4,94.34,91.92,92.19,92.02,90.6,92.08,94.17,90.82,88.63,87.04,91.06,90.43,88.26,91.0,92.03,82.68,92.10,90.97,89.12,94.60,90.48,80.65,90.7,100.80,86.7,91.31,70.9,62.76,90.63
2009-08-01,90.74,91.42,90.75,91.69,91.69,91.69,90.51,93.93,91.5,92.3,92.0,85.74,97.6,93.54,92.29,92.70,91.98,90.8,92.25,93.23,90.62,89.80,86.58,91.56,90.61,88.62,90.7,91.84,82.52,92.16,90.78,89.50,94.77,90.73,81.20,90.5,100.90,87.0,90.80,70.8,62.58,90.92
2009-09-01,90.77,91.44,90.77,91.71,91.71,91.71,90.14,93.76,91.0,92.4,91.6,85.59,97.3,95.31,92.06,92.49,91.32,91.4,93.00,92.96,91.14,89.66,86.36,91.40,91.11,88.80,90.7,91.77,82.84,92.07,90.74,89.79,95.19,90.77,81.64,91.4,100.70,87.1,90.73,71.0,62.83,91.08
2009-10-01,90.95,91.63,90.96,91.92,91.92,91.92,90.12,93.92,90.9,92.5,91.6,85.52,97.0,95.81,92.71,92.59,91.44,91.8,93.88,92.72,90.76,89.51,86.22,91.05,91.35,88.90,90.8,91.78,83.21,92.18,90.89,89.34,95.44,90.95,82.62,91.1,101.30,87.2,90.34,70.9,64.34,91.25
2009-11-01,91.10,91.76,91.11,92.03,92.02,92.03,90.30,94.09,90.9,92.5,91.5,85.31,97.0,96.42,93.21,92.74,91.78,91.9,94.58,92.07,90.81,90.01,86.67,88.69,91.21,89.08,91.1,91.92,83.77,92.88,91.15,89.50,95.47,91.10,83.22,91.4,101.20,87.5,90.62,71.3,65.15,91.52
2009-12-01,91.39,92.00,91.39,92.32,92.31,92.32,90.49,94.39,91.0,92.2,92.3,85.41,96.5,96.55,93.19,93.01,91.21,92.0,94.19,91.63,90.52,89.91,86.50,88.53,90.56,89.35,91.1,92.08,84.03,92.48,91.10,89.65,95.70,91.39,83.85,91.6,100.90,88.0,91.47,71.3,65.50,91.35
2010-01-01,90.94,91.51,90.95,91.57,91.56,91.56,89.20,94.95,92.0,92.5,91.7,85.65,95.8,95.82,91.82,92.79,91.61,90.7,92.86,91.78,91.58,89.33,87.78,88.05,90.30,88.98,91.5,91.50,85.45,91.93,91.21,89.71,95.53,90.94,83.87,91.6,101.10,87.8,91.70,71.8,66.71,91.81
2010-02-01,91.24,91.79,91.24,91.85,91.85,91.85,91.28,95.22,92.1,93.4,92.0,85.87,96.0,95.24,91.61,93.36,91.74,90.6,93.13,91.75,91.50,90.27,87.98,88.33,91.15,89.16,91.8,91.55,85.61,92.23,91.22,90.04,96.13,91.25,84.95,92.8,101.10,88.2,92.15,72.1,67.67,91.85
2010-03-01,92.07,92.68,92.07,92.87,92.86,92.87,91.75,95.57,92.3,94.0,92.5,86.93,96.1,98.16,93.80,93.85,92.20,92.0,94.00,92.18,91.76,90.92,88.55,89.53,92.49,90.09,92.0,92.67,85.80,93.18,91.34,90.58,96.36,92.08,85.76,93.4,101.40,88.7,92.69,73.0,68.07,92.37
2010-04-01,92.47,93.06,92.47,93.25,93.24,93.25,92.16,96.68,92.7,94.2,92.4,87.37,96.2,99.38,94.46,94.14,92.65,92.9,95.02,92.96,92.16,91.31,89.31,91.81,92.81,90.28,92.4,93.06,86.07,94.21,91.67,90.84,96.30,92.47,86.03,93.5,102.20,89.2,93.35,73.5,68.47,92.58
2010-05-01,92.60,93.18,92.60,93.35,93.35,93.35,92.48,96.69,92.9,94.2,92.5,87.62,96.4,100.15,94.49,94.27,92.90,92.9,95.07,92.94,92.34,91.57,89.94,92.90,92.72,90.23,92.7,93.23,86.19,94.59,91.73,90.66,96.38,92.60,86.35,93.0,101.90,89.4,92.66,74.2,68.23,92.66
2010-06-01,92.64,93.20,92.64,93.35,93.35,93.35,92.50,96.27,92.8,94.0,92.6,87.97,96.3,99.98,94.60,94.26,93.01,93.0,95.40,93.29,92.38,91.50,90.10,92.82,92.11,90.22,92.9,93.43,86.32,94.78,91.72,90.87,96.32,92.64,86.18,92.9,101.60,89.5,92.87,74.3,67.85,92.53
2010-07-01,92.38,92.93,92.38,92.95,92.95,92.96,90.81,96.77,93.1,94.0,92.8,88.18,96.2,99.55,93.54,93.95,92.84,92.2,94.59,93.49,92.41,91.16,90.13,93.36,91.57,89.76,92.8,93.79,88.56,94.22,91.84,90.30,95.90,92.37,85.65,92.3,101.10,89.3,92.20,74.4,67.52,92.53
2010-08-01,92.56,93.06,92.56,93.14,93.13,93.14,92.67,96.93,92.9,94.4,92.9,88.15,96.4,98.81,93.75,94.19,92.70,92.3,95.43,92.82,92.21,92.04,89.71,94.28,91.70,90.00,92.4,93.66,88.76,94.35,91.74,90.65,95.84,92.55,85.98,92.0,101.10,89.8,92.13,75.4,67.79,92.70
2010-09-01,92.81,93.35,92.81,93.43,93.42,93.43,92.78,97.14,92.7,94.8,92.7,88.84,96.2,100.70,94.61,94.15,92.56,92.9,96.38,93.22,92.76,92.04,89.58,93.59,92.39,90.35,92.9,93.58,89.26,93.93,91.73,91.06,96.63,92.81,85.84,92.6,100.90,89.8,92.18,76.4,68.63,92.76
2010-10-01,93.09,93.63,93.08,93.71,93.71,93.71,92.91,97.32,92.4,94.6,92.8,89.33,96.3,100.83,95.03,94.29,92.69,93.6,96.93,93.52,93.12,92.14,89.93,93.03,92.61,90.68,93.3,93.91,89.75,94.07,91.76,91.44,96.94,93.08,86.44,92.7,101.50,90.0,92.48,77.1,69.88,92.89
2010-11-01,93.23,93.74,93.23,93.79,93.79,93.80,93.02,97.84,92.6,94.7,92.9,89.61,96.1,101.04,95.33,94.41,92.87,93.6,96.21,93.68,93.09,92.27,90.11,91.66,92.47,90.68,93.4,93.98,90.23,94.34,92.02,91.65,97.12,93.22,86.41,92.9,101.40,90.3,92.84,78.0,69.90,92.91
2010-12-01,93.83,94.28,93.82,94.36,94.36,94.36,93.55,98.59,93.1,94.8,94.0,90.04,96.3,101.53,95.86,94.88,92.79,93.9,96.02,93.83,93.80,92.71,90.49,92.11,92.23,91.30,93.7,94.33,90.71,94.48,92.25,92.13,97.72,93.83,86.78,94.1,101.40,91.2,93.59,78.6,69.69,93.09
2011-01-01,93.44,93.81,93.44,93.68,93.69,93.69,92.31,99.04,93.8,94.9,93.5,90.02,96.1,100.53,94.60,94.60,93.26,92.5,95.68,95.01,94.19,92.38,91.30,90.93,92.01,91.24,94.7,94.79,91.42,94.07,94.16,92.49,96.84,93.43,85.72,93.4,101.10,91.3,94.05,79.8,69.97,93.65
2011-02-01,93.88,94.20,93.87,94.08,94.08,94.08,94.48,99.58,93.9,95.8,94.1,90.62,96.9,99.19,94.70,95.07,93.72,92.6,96.05,95.28,94.26,93.80,91.66,90.68,92.93,91.97,94.9,94.74,92.13,94.09,94.42,93.19,97.32,93.87,86.91,93.9,101.60,92.0,94.88,81.0,70.49,94.24
2011-03-01,94.90,95.37,94.90,95.35,95.35,95.35,94.80,99.98,94.0,96.4,94.7,91.36,97.3,102.38,96.93,95.90,94.53,94.6,97.05,95.92,95.19,94.59,92.60,92.06,94.20,93.09,95.7,96.27,92.68,95.38,94.80,93.73,97.70,94.89,87.72,94.2,102.30,92.2,96.33,83.1,70.78,95.46
2011-04-01,95.48,95.88,95.48,95.88,95.89,95.89,95.05,99.89,94.2,96.9,94.9,92.09,97.6,103.05,97.78,96.24,94.81,95.6,98.38,96.97,96.17,94.93,93.26,94.03,94.77,93.64,96.2,96.80,93.30,96.08,95.25,93.90,98.02,95.47,88.65,94.8,102.40,93.2,96.74,84.1,71.39,96.29
2011-05-01,95.56,95.94,95.56,95.89,95.90,95.89,95.20,99.99,94.7,97.0,94.8,92.45,97.6,103.28,97.66,96.31,95.19,95.7,99.01,97.39,96.93,95.04,93.44,95.22,94.84,93.56,96.7,96.70,93.50,96.88,95.56,93.77,98.06,95.54,90.06,94.5,102.20,93.4,96.55,84.2,73.12,96.87
2011-06-01,95.51,95.89,95.50,95.88,95.89,95.89,95.52,99.68,94.7,96.8,94.8,92.31,97.4,103.07,97.48,96.39,94.87,95.8,99.74,97.63,96.83,94.98,93.22,95.69,94.23,93.53,96.3,96.52,93.23,96.25,95.51,94.00,97.74,95.49,90.32,94.1,102.20,93.3,96.03,83.9,72.07,96.66
2011-07-01,95.10,95.41,95.09,95.33,95.34,95.34,94.46,100.05,94.9,96.7,95.2,92.82,97.2,101.65,96.34,95.91,94.62,94.1,97.89,97.45,96.62,94.11,92.96,95.59,94.54,93.19,96.1,96.64,92.90,95.22,95.35,93.60,97.47,95.08,90.13,93.8,101.30,93.3,95.33,83.5,71.78,96.74
2011-08-01,95.30,95.55,95.29,95.51,95.52,95.52,95.86,99.91,94.8,96.7,95.2,93.08,97.4,100.21,96.31,96.46,94.61,94.4,98.05,97.08,96.28,95.41,92.85,96.64,94.65,93.34,96.1,96.25,92.58,95.48,95.47,93.80,97.41,95.27,90.24,93.1,100.70,93.8,95.08,83.5,72.30,97.00
2011-09-01,95.90,96.14,95.89,96.21,96.22,96.21,95.77,99.93,94.7,97.0,95.3,93.60,97.5,103.61,97.46,96.43,94.54,96.3,98.84,97.38,97.09,95.55,92.89,96.25,95.12,93.90,96.1,96.83,92.38,96.05,95.74,94.21,98.09,95.88,90.68,94.1,101.20,94.4,94.94,83.6,72.85,97.16
2011-10-01,96.20,96.49,96.19,96.55,96.55,96.55,95.90,100.26,94.9,97.2,95.4,93.52,97.8,103.71,97.87,96.69,95.02,97.1,100.01,97.53,97.03,95.63,93.38,95.40,95.22,94.11,96.8,97.71,92.98,96.79,95.95,94.37,97.98,96.17,91.00,94.0,101.20,94.5,95.08,83.9,75.23,96.85
2011-11-01,96.35,96.63,96.34,96.63,96.64,96.64,96.28,100.34,95.3,97.1,95.4,93.59,97.8,103.91,98.09,96.99,95.16,97.1,100.11,97.45,97.20,95.92,93.96,93.19,94.84,94.17,97.5,97.57,93.37,96.95,96.44,94.57,98.18,96.32,90.79,94.0,100.70,94.6,95.60,84.5,76.53,96.69
2011-12-01,96.68,96.95,96.67,96.96,96.96,96.96,96.53,100.60,95.7,97.1,96.1,93.72,97.7,103.74,98.11,97.41,94.77,97.4,100.01,97.47,97.06,95.87,94.19,93.47,94.54,94.40,98.0,97.63,93.59,96.46,96.48,94.53,98.15,96.65,91.34,94.0,101.00,95.1,95.57,84.0,76.97,96.32
2012-01-01,96.14,96.39,96.12,96.17,96.18,96.17,95.34,100.96,97.4,97.5,95.7,94.25,97.3,102.60,96.48,97.03,94.60,95.6,98.63,98.25,97.42,95.36,96.41,92.44,94.66,93.88,98.6,97.96,93.97,96.18,97.97,95.30,97.57,96.10,91.04,93.6,100.20,94.6,95.97,84.2,77.42,96.84
2012-02-01,96.64,96.88,96.62,96.65,96.66,96.65,97.65,101.56,97.6,98.4,96.5,94.64,98.4,100.85,96.51,97.49,95.19,95.8,99.05,98.41,97.77,96.87,96.96,93.04,95.60,94.38,99.0,98.10,94.60,96.74,98.19,96.02,98.29,96.61,92.73,94.8,100.40,95.1,96.33,84.9,77.89,97.37
2012-03-01,97.63,98.01,97.62,97.90,97.91,97.90,97.75,101.70,97.9,99.0,96.9,95.62,99.4,103.76,98.64,98.39,96.47,98.2,100.47,98.97,98.72,97.33,97.73,94.41,96.93,95.55,99.5,99.29,95.03,97.72,98.50,96.49,98.73,97.59,94.52,94.6,101.20,95.4,96.63,85.8,78.20,98.25
2012-04-01,98.09,98.45,98.08,98.36,98.36,98.36,97.80,101.94,97.9,99.0,97.0,96.04,99.4,104.62,99.71,98.56,97.28,99.1,101.95,99.66,99.33,97.75,98.51,97.60,97.39,95.82,100.0,99.63,95.10,98.88,98.74,96.71,98.99,98.05,95.01,94.7,101.30,96.0,97.70,86.3,79.45,98.59
2012-05-01,98.00,98.36,98.00,98.22,98.23,98.22,97.71,101.82,98.1,99.0,96.8,96.24,99.4,104.25,99.50,98.51,98.52,99.1,102.69,99.67,99.42,97.59,98.44,98.77,97.17,95.63,100.2,99.32,95.37,99.16,98.84,96.66,98.95,97.96,95.49,94.7,101.10,95.9,97.41,88.0,79.28,98.38
2012-06-01,97.89,98.30,97.89,98.15,98.15,98.15,97.59,101.30,98.3,98.9,96.6,96.38,99.2,104.05,99.26,98.56,98.29,99.3,102.58,99.68,99.38,97.43,98.45,99.85,96.59,95.62,100.4,99.14,95.31,98.54,99.07,96.76,98.64,97.84,96.58,94.1,100.80,95.5,97.00,88.9,78.56,98.17
2012-07-01,97.52,97.84,97.52,97.63,97.64,97.63,96.33,102.46,98.1,98.8,97.0,96.67,99.1,102.57,98.42,98.05,97.88,97.5,101.58,99.28,99.42,96.63,98.27,99.59,97.00,95.13,100.0,99.33,95.76,97.69,99.01,96.51,98.19,97.47,95.00,93.6,100.60,95.6,96.09,88.7,78.39,98.09
2012-08-01,97.87,98.17,97.87,98.01,98.02,98.01,98.35,103.03,98.1,99.2,97.4,96.98,99.9,101.36,98.92,98.76,98.52,97.6,102.46,98.91,99.60,98.11,98.39,99.76,97.07,95.47,99.8,99.27,96.28,98.47,99.06,96.85,98.31,97.81,94.33,93.1,100.30,96.1,97.03,90.1,78.77,98.65
2012-09-01,98.48,98.82,98.47,98.72,98.73,98.72,98.27,103.38,98.0,99.5,97.4,97.40,99.9,103.90,100.83,98.51,99.04,99.6,102.39,99.26,100.33,98.62,98.84,99.08,97.54,96.55,99.8,99.66,97.36,99.60,99.34,97.43,99.04,98.42,95.48,94.2,101.00,96.5,98.09,92.2,79.51,99.15
2012-10-01,98.75,99.05,98.74,98.95,98.96,98.96,98.45,103.31,98.3,99.4,97.4,97.47,99.8,104.67,101.29,98.71,99.37,99.8,102.60,99.07,100.14,98.68,99.00,98.43,98.33,96.85,100.1,99.80,97.59,99.88,99.73,97.67,99.14,98.70,95.67,94.7,101.00,97.0,98.25,94.7,81.15,98.99
2012-11-01,98.62,98.87,98.61,98.76,98.76,98.76,98.37,103.08,98.0,99.3,97.2,97.16,99.3,104.34,101.05,98.54,99.06,99.6,101.55,98.95,99.97,98.51,98.93,96.58,97.85,96.92,100.1,99.44,97.52,99.69,99.80,97.58,98.94,98.57,96.22,94.7,100.50,97.2,98.27,94.8,81.37,98.33
2012-12-01,98.95,99.17,98.94,99.11,99.11,99.11,98.54,103.38,98.0,98.9,98.1,97.13,99.4,104.07,101.06,98.90,98.94,99.9,101.46,99.02,99.89,98.25,98.97,96.04,97.73,97.15,100.1,99.67,97.86,99.45,99.73,97.79,99.17,98.90,96.02,95.1,100.70,97.6,98.30,94.4,81.69,97.97
2013-01-01,98.16,98.34,98.16,98.08,98.09,98.08,96.74,103.62,99.3,98.4,97.5,97.77,98.8,102.65,99.22,98.34,98.99,97.9,100.62,98.82,100.08,97.41,99.12,94.67,97.70,96.54,100.2,98.40,98.79,98.91,100.43,97.79,98.20,98.12,96.60,94.7,100.20,97.1,98.58,94.9,83.15,98.30
2013-02-01,98.56,98.69,98.56,98.44,98.45,98.44,99.14,103.80,99.3,99.5,98.2,98.42,99.6,100.99,99.31,98.65,99.40,97.7,100.86,98.75,100.02,99.24,99.74,94.70,98.70,96.87,100.2,98.29,99.19,99.59,100.40,98.37,98.75,98.52,98.48,95.4,100.50,97.8,98.78,95.4,83.48,99.26
2013-03-01,99.46,99.69,99.46,99.60,99.61,99.60,99.14,103.35,99.4,99.7,98.7,99.24,100.0,103.51,101.16,99.46,99.78,100.0,101.78,99.23,100.34,99.29,100.01,95.75,100.02,97.80,100.5,99.96,99.25,99.88,100.42,98.88,99.26,99.42,98.78,95.7,100.90,98.1,98.92,95.4,84.07,99.57
2013-04-01,99.45,99.64,99.45,99.51,99.52,99.51,98.98,102.90,99.6,99.5,98.1,99.33,99.9,104.00,101.23,99.35,100.29,100.3,102.02,99.26,100.68,99.41,100.29,98.50,100.10,97.82,100.8,100.02,99.28,100.45,100.46,99.06,99.03,99.41,98.77,96.4,100.90,98.3,101.37,96.2,84.23,99.38
2013-05-01,99.55,99.72,99.55,99.62,99.63,99.62,98.90,102.85,99.3,99.7,98.3,99.72,99.8,103.95,101.33,99.39,100.29,100.3,102.84,99.52,100.91,98.96,100.17,99.60,100.14,97.94,100.7,100.26,99.54,100.72,100.57,99.05,99.23,99.51,98.69,96.3,100.90,98.5,100.92,96.4,84.30,99.58
2013-06-01,99.60,99.81,99.60,99.73,99.73,99.73,99.19,102.56,99.8,99.5,98.5,100.29,99.9,103.79,101.44,99.57,100.45,100.5,103.43,99.90,100.71,99.38,100.41,100.43,99.65,97.77,100.7,100.31,99.57,100.75,100.72,98.99,99.09,99.56,99.59,95.9,101.00,98.3,101.02,97.4,84.88,99.88
2013-07-01,99.20,99.36,99.20,99.20,99.20,99.20,97.91,102.49,99.5,99.2,98.9,100.49,99.9,102.09,100.29,99.22,100.49,98.7,102.28,99.82,100.03,98.35,99.99,100.52,100.00,97.15,100.9,100.12,99.04,100.42,100.64,98.96,98.96,99.17,98.99,96.3,101.10,98.3,99.66,96.4,85.13,99.90
2013-08-01,99.33,99.44,99.33,99.32,99.32,99.32,99.43,102.29,99.3,99.3,98.9,100.43,100.0,100.38,100.54,99.72,100.84,98.7,102.54,98.82,100.13,99.77,99.93,100.41,99.78,97.37,100.6,99.43,98.81,100.71,100.46,98.84,99.09,99.30,98.81,96.2,100.70,98.7,99.98,96.8,85.08,99.94
2013-09-01,99.74,99.85,99.74,99.80,99.80,99.80,99.26,102.03,99.0,99.6,98.9,99.93,99.9,102.85,101.32,99.52,100.68,100.5,102.67,98.85,100.84,100.15,100.40,99.63,99.86,98.31,100.7,99.93,98.42,101.09,100.43,99.22,99.52,99.70,99.10,96.7,101.20,99.1,99.93,96.8,85.78,99.99
2013-10-01,99.66,99.75,99.66,99.68,99.68,99.68,99.15,102.19,99.1,99.8,98.6,99.61,99.7,102.69,101.34,99.39,100.13,100.5,102.08,99.05,100.66,99.70,100.08,98.96,99.61,98.30,100.8,99.80,98.74,101.03,100.44,99.35,99.30,99.63,98.71,96.8,101.00,99.1,99.86,97.0,87.40,99.58
2013-11-01,99.58,99.65,99.58,99.60,99.60,99.60,99.25,102.07,99.0,99.5,98.8,99.16,99.6,101.36,101.35,99.35,99.72,100.2,100.75,98.62,100.52,99.61,99.32,96.82,99.02,98.33,100.6,99.49,98.75,100.90,100.28,99.32,99.22,99.55,99.10,97.0,100.70,99.2,99.69,96.5,87.34,99.22
2013-12-01,99.92,99.98,99.92,99.95,99.95,99.95,99.69,102.50,99.5,99.4,99.3,99.12,99.7,102.18,101.37,99.73,99.39,100.5,100.19,98.62,100.34,99.76,99.56,97.01,99.10,99.08,100.7,99.84,99.15,100.36,100.12,99.68,99.53,99.88,99.55,96.8,100.90,99.6,100.16,96.6,87.77,99.13
2014-01-01,99.04,99.05,99.04,98.83,98.84,98.83,97.82,102.21,99.6,99.2,98.6,99.30,99.1,101.21,99.49,99.09,99.40,98.5,99.04,99.28,100.33,98.83,99.93,95.52,98.48,98.01,100.8,98.45,99.96,99.80,100.38,99.63,98.35,99.01,98.07,96.7,100.30,99.0,100.07,97.7,89.66,99.56
2014-02-01,99.36,99.34,99.36,99.14,99.14,99.14,99.97,101.61,99.6,99.8,99.2,99.53,99.7,100.12,99.36,99.70,99.25,98.1,99.59,99.27,100.33,100.01,100.01,96.21,99.07,98.30,100.9,98.20,100.47,99.77,100.28,99.91,98.88,99.33,99.27,97.2,100.30,99.5,100.08,97.9,90.10,100.04
2014-03-01,100.07,100.13,100.07,100.07,100.07,100.07,99.94,101.32,99.7,99.9,99.4,99.94,100.2,101.97,100.94,100.21,99.70,100.3,100.88,99.57,100.72,100.05,100.23,97.14,100.16,99.22,101.1,99.57,100.53,100.50,100.26,100.16,98.92,100.04,99.67,97.5,100.80,99.7,99.80,97.8,91.18,100.81
2014-04-01,100.25,100.28,100.25,100.22,100.22,100.22,99.74,101.54,99.7,100.0,99.2,100.13,100.2,102.35,101.57,100.18,100.21,100.8,101.61,100.08,101.00,100.28,100.12,99.00,100.74,99.35,101.1,99.91,100.87,100.97,100.26,100.30,99.31,100.22,100.10,97.9,101.00,100.1,99.94,98.4,92.12,101.18
2014-05-01,100.16,100.18,100.16,100.11,100.11,100.11,99.59,101.03,99.8,100.0,99.0,100.36,100.2,101.73,101.54,100.21,100.66,100.7,102.74,100.28,101.00,100.37,100.19,99.97,100.28,99.44,101.0,99.98,100.83,101.70,100.53,100.00,99.38,100.13,99.79,97.9,101.10,100.0,100.36,98.8,92.26,101.58
2014-06-01,100.26,100.27,100.26,100.22,100.22,100.22,99.74,100.72,99.8,99.9,99.4,100.64,100.4,102.27,101.49,100.16,100.91,100.8,103.48,100.67,100.99,100.56,100.29,101.14,99.92,99.43,101.0,100.06,100.51,101.77,100.64,100.05,99.60,100.23,100.92,97.6,100.90,100.2,99.81,98.9,92.70,101.77
2014-07-01,99.74,99.72,99.74,99.57,99.57,99.56,98.43,101.35,100.0,99.7,99.6,100.47,100.3,101.23,99.93,99.78,101.04,98.7,103.19,100.43,100.50,99.57,100.45,101.09,100.26,98.77,100.8,99.44,100.49,100.75,100.49,99.91,99.35,99.73,101.26,98.4,101.00,99.9,99.82,98.8,93.17,101.66
2014-08-01,99.84,99.78,99.84,99.68,99.68,99.68,99.83,101.26,100.0,99.6,99.7,100.25,100.6,100.14,100.02,100.26,101.12,98.6,103.34,99.65,100.40,100.47,100.22,101.26,100.14,98.79,100.5,99.37,100.13,100.69,100.28,100.07,99.32,99.82,101.05,98.0,100.70,100.2,99.49,98.6,93.45,101.37
2014-09-01,100.15,100.13,100.15,100.12,100.12,100.12,99.46,100.58,99.8,99.9,99.7,100.14,100.4,101.72,101.04,99.89,100.88,100.4,102.69,100.02,100.85,100.45,99.87,100.26,100.12,99.69,100.4,99.89,100.24,100.98,100.34,100.70,99.56,100.14,99.45,98.6,101.20,100.3,99.54,99.2,93.48,101.40
2014-10-01,100.14,100.09,100.14,100.06,100.06,100.06,99.47,100.66,99.9,100.0,99.3,100.08,100.1,100.84,101.12,99.92,100.64,100.7,102.36,99.78,100.95,100.14,99.79,99.66,100.00,99.70,100.5,99.93,100.48,101.07,100.43,100.53,99.62,100.12,99.65,98.7,101.10,100.4,99.80,98.9,95.28,100.95
2014-11-01,99.93,99.90,99.93,99.88,99.88,99.88,99.31,100.14,99.6,99.8,99.3,99.17,99.8,100.12,100.88,99.75,99.99,100.5,100.73,99.55,100.88,99.76,99.40,97.45,99.27,99.84,100.3,99.57,100.28,100.95,100.26,100.38,99.54,99.92,98.53,98.8,100.80,100.1,99.78,98.8,95.36,100.12
2014-12-01,99.84,99.79,99.84,99.78,99.78,99.78,99.30,100.50,99.5,99.5,99.4,99.18,99.4,99.59,100.22,99.82,99.29,100.5,99.23,98.89,100.23,98.82,98.72,97.38,99.04,99.88,100.0,99.57,100.18,100.27,99.99,100.23,99.80,99.82,99.15,98.7,100.90,100.1,99.92,98.4,94.98,99.29
2015-01-01,98.57,98.46,98.57,98.24,98.24,98.24,97.20,99.80,99.5,98.9,98.1,98.78,98.7,98.42,98.04,98.70,98.77,98.0,98.31,98.94,98.96,97.69,98.56,96.29,97.82,98.48,99.7,98.09,100.46,99.08,99.87,99.49,98.71,98.57,98.02,98.5,100.28,99.3,99.41,98.1,96.12,98.57
2015-02-01,99.07,99.00,99.07,98.85,98.85,98.85,99.56,99.86,99.6,99.7,99.0,99.30,99.3,98.21,98.18,99.42,98.88,98.2,98.83,99.30,98.82,99.68,99.06,96.75,98.62,98.75,99.6,98.11,100.84,99.24,99.68,99.83,99.54,99.07,98.45,98.9,99.92,99.5,99.52,98.7,96.96,99.09
2015-03-01,99.97,100.01,99.97,100.00,100.00,100.00,99.82,100.19,99.8,100.2,99.7,99.95,100.0,100.07,100.15,100.17,99.72,100.3,99.51,100.09,99.63,100.11,99.70,97.64,99.88,100.15,99.9,100.01,101.30,100.10,99.87,100.20,99.66,99.96,99.58,99.2,100.39,99.7,99.93,99.4,98.13,99.81
2015-04-01,100.36,100.42,100.36,100.43,100.43,100.43,100.11,100.66,100.2,100.4,100.2,100.53,99.9,100.50,100.83,100.30,100.11,100.7,99.85,100.65,100.36,100.25,100.10,100.36,100.71,100.28,100.3,100.40,101.51,100.20,100.13,100.22,99.82,100.35,99.77,99.6,100.12,99.9,100.31,100.0,99.43,100.01
2015-05-01,100.62,100.70,100.62,100.71,100.71,100.71,100.43,100.70,100.5,100.4,100.6,100.89,100.4,100.28,101.27,100.56,100.68,100.9,100.97,101.46,100.95,100.80,100.81,101.26,100.97,100.45,100.4,100.93,102.17,100.87,100.44,100.11,100.26,100.61,100.13,99.8,100.20,100.1,100.76,100.1,99.92,100.61
2015-06-01,100.59,100.66,100.59,100.72,100.72,100.72,100.60,100.15,100.7,100.3,100.5,100.94,100.8,101.15,101.46,100.49,100.97,101.0,101.32,101.35,100.77,101.02,100.99,102.30,100.40,100.40,100.5,100.82,99.59,100.79,100.55,100.12,100.00,100.58,100.89,100.1,100.32,100.2,100.78,100.8,99.75,100.98
2015-07-01,100.12,100.14,100.12,100.11,100.11,100.11,99.27,100.34,100.5,100.2,100.9,100.61,100.5,99.96,99.90,100.00,100.81,99.1,100.70,100.27,100.27,99.74,100.97,102.33,101.07,99.89,100.4,100.15,99.07,100.07,100.27,99.82,100.13,100.12,101.76,99.9,100.13,100.0,100.09,100.0,99.77,100.90
2015-08-01,100.11,100.08,100.11,100.12,100.12,100.12,100.58,100.41,100.2,99.9,100.8,100.41,100.8,99.75,99.50,100.36,101.02,98.9,101.37,99.84,99.40,100.55,100.35,102.68,100.58,99.73,100.1,100.03,98.45,100.08,100.06,99.87,99.96,100.10,102.17,99.7,99.59,100.3,100.22,100.8,100.06,100.61
2015-09-01,100.23,100.24,100.23,100.32,100.32,100.33,100.36,99.62,100.1,100.2,100.5,99.82,100.3,100.94,99.90,99.99,100.38,100.6,100.73,99.62,100.01,100.27,99.76,101.85,100.40,100.25,99.8,100.78,98.73,99.95,99.82,100.02,100.45,100.23,100.31,100.5,99.93,100.2,100.05,100.8,100.87,100.29
2015-10-01,100.34,100.35,100.34,100.45,100.45,100.45,100.62,99.46,100.0,100.1,100.5,100.05,100.0,100.75,100.21,100.07,100.13,101.0,100.48,99.64,100.50,100.05,100.02,101.23,100.40,100.35,99.9,100.63,99.03,99.92,99.90,100.19,100.55,100.35,100.01,101.1,99.98,100.3,99.74,100.6,102.60,100.14
2015-11-01,100.01,99.97,100.01,100.01,100.01,100.01,100.70,99.19,99.6,99.9,99.5,99.71,99.7,100.01,100.47,99.86,99.55,100.6,99.25,99.57,100.35,100.19,100.00,98.74,99.64,100.32,99.8,100.19,99.34,100.02,99.88,100.15,100.38,100.03,99.06,101.5,99.63,100.3,99.60,100.4,103.08,99.77
2015-12-01,100.02,99.97,100.02,100.03,100.03,100.03,100.74,99.60,99.4,99.8,99.6,99.01,99.6,99.98,100.09,100.09,98.99,100.6,98.67,99.29,99.98,99.66,99.66,98.60,99.53,100.95,99.6,99.86,99.50,99.67,99.53,99.98,100.54,100.03,99.86,101.1,99.51,100.3,99.58,100.2,103.31,99.23
2016-01-01,98.83,98.71,98.83,98.56,98.56,98.55,98.99,99.40,100.0,99.3,98.5,98.85,98.7,98.30,97.63,99.02,98.60,98.4,97.25,98.63,99.62,98.13,99.52,97.07,98.03,99.85,99.4,98.78,98.95,98.32,99.24,99.52,99.96,98.86,99.13,101.6,98.82,99.5,99.84,100.7,105.35,99.34
2016-02-01,98.98,98.85,98.98,98.73,98.73,98.72,100.67,98.89,100.1,99.8,98.9,99.65,99.1,98.28,97.21,99.31,98.32,98.0,96.65,98.72,99.35,99.37,99.38,97.69,98.94,99.76,99.4,98.28,98.69,98.36,99.37,99.69,100.30,99.02,99.33,102.2,98.98,99.8,99.69,100.6,105.35,99.35
2016-03-01,99.93,99.89,99.93,99.96,99.96,99.96,101.46,98.28,100.1,99.9,99.8,100.41,99.4,99.40,99.16,100.09,98.82,100.1,97.37,99.47,100.41,99.49,99.53,98.64,100.40,100.82,99.5,100.48,98.85,99.16,99.38,100.18,100.85,99.96,99.91,102.8,99.36,100.2,99.77,100.5,105.31,99.89
2016-04-01,100.13,100.12,100.13,100.17,100.17,100.17,101.65,98.12,100.7,100.1,99.9,100.49,99.7,100.07,99.65,100.18,99.23,100.3,97.74,99.91,101.13,99.64,100.37,101.19,100.51,100.93,99.8,100.93,98.82,99.50,99.74,100.49,100.86,100.17,100.17,103.1,99.59,100.2,99.93,100.9,105.99,100.43
2016-05-01,100.48,100.49,100.48,100.59,100.59,100.59,102.04,98.14,100.5,100.3,100.5,100.88,100.2,100.08,100.17,100.65,99.49,100.6,99.03,100.65,101.14,100.17,100.66,102.24,100.75,101.04,100.0,101.33,99.15,100.33,99.69,100.40,101.08,100.52,101.59,103.5,99.71,100.4,100.66,101.0,106.47,100.87
2016-06-01,100.65,100.66,100.65,100.77,100.77,100.77,102.40,98.27,100.6,100.4,100.6,101.37,100.9,101.38,100.59,100.80,99.77,100.8,99.31,100.71,101.13,100.60,100.87,103.36,100.20,101.04,100.1,101.50,98.94,100.84,99.82,100.46,101.19,100.69,102.51,104.2,99.74,100.6,100.75,101.1,106.76,101.22
2016-07-01,100.28,100.24,100.28,100.28,100.28,100.28,101.30,99.25,101.0,100.3,101.2,101.38,100.6,100.16,99.25,100.39,99.72,98.9,100.30,100.41,100.31,99.33,100.69,103.29,100.50,100.49,99.8,100.87,98.74,99.97,99.41,100.31,101.27,100.34,102.91,104.9,99.66,100.6,100.56,101.2,108.09,100.88
2016-08-01,100.34,100.25,100.34,100.34,100.34,100.34,102.59,99.29,100.8,99.9,101.1,101.52,100.4,100.18,99.21,100.74,99.55,98.8,100.74,99.74,99.86,100.32,100.28,103.72,100.67,100.33,99.6,100.83,98.74,99.90,99.27,100.35,101.13,100.39,102.87,104.2,99.63,100.9,100.63,102.2,107.96,100.87
2016-09-01,100.64,100.56,100.64,100.72,100.72,100.72,102.15,98.55,100.6,99.9,101.1,101.56,100.0,100.88,99.93,100.50,99.70,100.7,100.32,100.09,100.63,100.59,100.45,102.80,100.31,101.33,99.6,101.49,98.59,100.18,99.30,100.57,101.29,100.68,101.37,104.6,99.63,101.1,100.74,101.5,108.26,101.09
2016-10-01,100.87,100.82,100.87,100.96,100.96,100.96,102.56,98.46,100.8,100.2,101.2,101.09,99.6,101.33,100.71,100.54,99.84,100.9,99.46,100.71,101.16,100.77,101.10,101.78,100.67,101.72,100.0,101.69,99.09,100.61,99.58,100.82,101.69,100.92,100.32,105.2,99.73,101.2,100.53,102.2,109.94,101.11
2016-11-01,100.65,100.53,100.65,100.60,100.60,100.59,102.46,98.36,101.2,100.0,100.3,101.06,99.5,99.85,100.95,100.55,99.72,100.7,98.48,100.79,101.46,100.82,101.06,99.50,100.02,101.79,100.0,100.71,99.13,100.69,99.67,100.80,101.73,100.71,99.65,105.5,99.43,101.4,99.97,102.1,110.28,100.77
2016-12-01,101.16,101.04,101.16,101.13,101.13,101.13,102.96,99.10,101.5,100.1,101.2,101.34,99.4,100.27,101.50,100.90,99.69,101.1,98.73,101.38,101.94,101.24,101.46,99.55,100.27,102.55,100.5,100.74,99.41,100.29,99.75,101.08,102.28,101.20,99.75,104.9,99.35,101.9,99.76,101.9,112.11,100.73
2017-01-01,100.49,100.35,100.49,100.26,100.26,100.25,102.03,99.77,102.3,100.0,100.2,101.61,98.9,99.79,100.50,100.57,99.51,99.4,97.92,101.45,102.15,100.59,101.87,98.47,99.64,101.91,100.8,100.05,99.28,99.84,100.02,100.41,101.50,100.54,98.52,104.5,99.15,101.4,100.89,103.2,114.87,101.43
2017-02-01,100.93,100.75,100.93,100.66,100.66,100.65,104.00,99.80,102.7,100.7,101.0,103.08,99.4,99.69,100.16,100.73,99.70,99.6,97.99,101.86,102.49,102.05,102.22,98.87,100.58,102.13,101.3,99.85,99.18,100.79,100.55,101.12,102.25,100.98,99.12,105.0,99.71,102.1,100.17,104.0,115.80,101.79
2017-03-01,101.58,101.43,101.58,101.49,101.49,101.48,103.99,99.28,102.7,100.8,101.3,103.46,100.0,101.06,101.29,101.47,99.92,101.5,98.83,102.74,103.58,101.98,102.21,99.78,101.03,102.94,101.3,101.86,99.25,101.14,100.42,101.10,102.25,101.62,98.54,105.4,99.85,102.5,100.78,104.3,116.98,101.87
2017-04-01,102.10,101.97,102.10,102.07,102.07,102.06,104.35,99.74,102.8,101.1,101.9,104.06,100.4,101.72,102.21,101.57,100.60,102.3,99.78,103.19,104.64,102.23,102.63,102.35,101.94,103.27,101.6,103.35,99.46,101.18,100.56,101.50,102.84,102.14,99.39,105.5,100.31,102.9,101.54,105.2,118.51,102.22
2017-05-01,102.09,101.90,102.09,101.98,101.98,101.97,104.02,99.52,103.0,101.0,101.8,104.41,100.2,101.56,102.16,101.59,100.45,102.2,99.92,103.39,104.42,102.11,102.79,103.39,101.49,103.21,101.5,103.08,99.68,101.86,100.82,101.32,102.89,102.13,99.05,105.8,100.13,103.3,102.83,104.8,119.04,102.27
2017-06-01,102.15,101.97,102.15,102.08,102.08,102.07,103.95,99.35,103.0,100.8,102.3,104.55,100.3,102.30,102.22,101.58,100.86,102.0,100.19,103.82,104.66,102.09,102.85,104.44,101.17,103.06,101.4,102.53,99.61,101.76,100.82,101.34,103.00,102.19,99.83,106.2,100.16,103.3,103.39,105.0,118.72,102.29
2017-07-01,101.83,101.61,101.83,101.62,101.62,101.61,103.13,99.85,103.4,101.8,102.9,105.36,100.4,101.08,100.98,101.17,100.95,100.1,100.24,103.00,104.46,101.13,102.92,104.57,102.00,102.47,101.2,101.89,99.61,101.14,100.87,100.94,103.59,101.89,100.93,106.4,100.24,103.2,102.71,104.6,118.89,102.11
2017-08-01,102.08,101.81,102.08,101.89,101.89,101.87,104.64,100.03,103.2,101.4,103.0,105.80,100.8,100.77,101.15,101.74,101.00,100.2,101.22,102.90,104.45,102.58,102.95,105.00,102.18,102.46,101.0,102.12,99.36,101.27,100.88,101.12,103.37,102.12,100.16,105.6,100.17,103.8,103.11,104.9,119.51,102.42
2017-09-01,102.44,102.17,102.44,102.29,102.29,102.28,104.15,99.81,103.1,101.5,103.0,105.56,100.2,101.93,101.77,101.58,101.32,102.0,100.45,103.07,105.28,102.61,103.01,104.05,101.75,103.90,101.2,103.15,99.92,101.60,101.05,101.35,103.51,102.48,98.66,106.3,100.39,104.1,103.20,104.9,120.29,103.02
2017-10-01,102.55,102.29,102.55,102.34,102.34,102.33,104.44,99.94,103.6,101.6,102.7,105.16,100.1,101.80,102.40,101.70,101.43,102.0,99.84,103.44,105.42,102.79,103.34,103.33,101.97,104.12,101.6,103.64,101.03,101.87,101.40,101.32,103.40,102.60,99.16,106.3,100.50,104.2,103.20,105.1,122.79,102.78
2017-11-01,102.50,102.17,102.50,102.14,102.14,102.12,104.61,100.21,103.7,101.3,102.0,105.56,100.0,100.90,102.73,101.80,101.29,101.8,98.66,103.54,105.69,102.80,103.66,100.97,101.57,104.27,102.0,102.53,101.68,102.14,101.73,101.67,103.63,102.54,97.41,106.6,100.22,104.6,103.12,105.0,124.62,102.68
2017-12-01,102.82,102.49,102.82,102.49,102.49,102.47,105.08,100.88,103.7,100.9,102.7,105.15,99.9,101.24,102.74,102.16,100.95,102.1,98.32,103.57,105.82,102.83,103.68,100.88,101.49,104.94,102.2,102.37,101.98,102.21,101.71,101.59,104.05,102.86,98.73,106.5,100.45,104.9,103.22,105.0,125.48,102.54
2018-01-01,102.12,101.75,102.12,101.56,101.56,101.54,103.82,101.08,104.4,100.6,101.7,105.28,99.2,100.00,101.22,102.06,100.75,100.6,96.47,103.49,105.87,101.90,104.01,99.63,101.12,103.86,102.4,101.15,102.66,101.56,102.59,101.26,103.10,102.16,97.86,106.2,99.95,104.4,102.96,105.3,126.76,103.20
2018-02-01,102.35,101.94,102.35,101.78,101.78,101.76,105.53,101.31,104.3,101.2,102.2,106.37,100.1,100.09,101.37,102.05,100.62,100.1,97.58,103.72,105.73,103.14,104.18,100.19,101.84,104.12,102.0,100.51,102.91,102.22,102.75,101.74,103.93,102.40,98.09,107.4,100.24,104.9,103.22,105.7,127.69,103.75
2018-03-01,103.17,102.88,103.17,102.91,102.91,102.89,105.56,101.13,104.3,101.2,103.0,106.44,100.5,101.26,102.59,103.22,101.09,102.4,98.43,105.06,106.15,103.15,104.29,101.11,102.06,105.05,102.0,102.69,103.23,102.61,102.95,101.98,104.25,103.22,98.80,107.7,100.56,105.0,103.45,105.8,128.96,103.98
2018-04-01,103.60,103.32,103.60,103.32,103.32,103.31,106.01,101.45,104.6,101.8,103.2,107.04,100.3,102.23,103.36,103.43,102.00,102.9,99.51,105.35,106.92,103.60,105.06,103.77,102.99,105.29,102.5,103.68,103.69,103.07,103.56,102.32,104.66,103.65,98.70,108.2,100.76,105.4,103.84,106.3,131.37,104.44
2018-05-01,104.16,103.90,104.16,103.97,103.97,103.96,106.38,101.84,105.1,102.0,104.3,107.61,100.9,102.33,104.32,103.92,102.27,103.2,100.87,105.83,107.42,104.22,105.75,105.19,103.41,105.40,102.7,104.55,104.28,104.12,103.57,102.37,104.95,104.21,99.03,108.2,101.15,105.8,105.59,107.1,133.50,104.94
2018-06-01,104.28,104.03,104.28,104.09,104.09,104.07,106.68,102.34,105.5,101.9,104.4,108.65,101.0,103.29,104.56,103.93,103.06,103.4,101.92,106.59,107.33,104.53,106.11,106.57,102.85,105.46,102.8,104.57,104.33,104.15,103.70,102.55,105.21,104.33,101.25,109.1,101.11,105.8,105.49,107.6,136.99,105.08
2018-07-01,104.12,103.86,104.12,103.85,103.85,103.84,105.93,103.41,105.7,102.7,105.2,108.87,101.4,101.87,103.31,103.80,103.20,102.0,101.67,105.75,106.82,103.63,106.44,106.81,103.96,104.83,102.6,104.16,103.94,103.27,103.53,102.36,105.82,104.19,102.80,110.1,101.47,105.8,105.08,107.1,137.74,105.00
2018-08-01,104.32,103.97,104.32,104.01,104.01,104.00,107.41,103.75,105.7,102.2,105.2,109.55,101.7,101.66,103.41,104.35,103.16,101.8,102.91,105.78,106.37,105.06,106.49,107.56,104.09,104.82,102.4,103.46,104.02,103.29,103.77,102.51,105.53,104.38,102.31,109.7,101.46,106.5,105.48,107.6,140.91,104.97
2018-09-01,104.66,104.35,104.66,104.42,104.42,104.41,107.10,103.39,105.3,102.0,105.3,109.26,101.4,103.08,104.06,104.12,102.96,103.5,102.11,106.44,107.85,105.38,106.82,106.69,103.36,106.11,102.7,105.03,104.62,103.84,103.81,102.78,106.05,104.72,99.87,110.3,101.47,106.6,105.33,107.1,149.79,105.04
2018-10-01,104.91,104.62,104.91,104.68,104.68,104.66,107.80,103.55,105.7,102.3,105.4,109.86,101.2,103.59,104.77,104.24,103.12,103.7,101.78,106.75,108.42,105.64,107.35,105.45,103.89,106.62,103.1,104.49,105.26,104.21,103.90,103.05,105.89,104.96,100.08,110.1,101.65,106.7,105.62,107.5,153.79,105.17
2018-11-01,104.51,104.11,104.51,104.10,104.10,104.08,107.63,103.25,105.4,102.0,104.2,108.97,100.8,101.96,104.52,104.00,102.60,103.4,100.25,106.57,108.22,105.47,106.98,102.35,103.37,106.64,103.1,103.43,104.96,104.31,103.76,103.13,105.77,104.57,98.84,110.7,101.24,107.0,105.09,107.0,151.57,104.60
2018-12-01,104.50,104.08,104.50,104.05,104.05,104.04,107.39,103.21,105.4,101.6,104.4,108.64,100.7,101.88,104.00,104.10,101.96,103.3,99.31,106.21,107.68,104.78,106.58,102.13,103.35,106.74,103.1,103.02,105.06,103.68,103.61,102.93,106.29,104.57,100.68,110.7,101.24,107.1,104.82,107.1,150.96,104.08
2019-01-01,103.64,103.22,103.64,102.97,102.97,102.95,105.69,103.43,106.5,101.8,103.4,108.18,100.0,100.54,102.26,103.52,101.32,101.5,98.53,106.53,107.60,103.58,106.88,100.58,103.13,105.62,103.0,101.73,105.98,102.78,104.86,102.48,105.13,103.71,99.66,110.0,100.63,106.3,104.78,107.4,152.57,104.26
2019-02-01,104.02,103.57,104.02,103.30,103.30,103.27,107.62,103.73,106.8,102.3,103.9,108.38,100.8,100.86,102.47,103.64,101.41,101.2,98.36,106.64,107.86,105.31,107.47,101.50,104.44,105.61,103.3,101.45,107.00,103.50,105.09,103.04,105.88,104.09,99.10,111.0,100.92,106.8,105.07,108.1,152.81,104.75
2019-03-01,104.85,104.50,104.85,104.35,104.35,104.33,107.86,103.95,107.0,102.4,104.4,108.83,101.6,102.32,103.90,104.55,102.20,103.5,99.49,107.85,108.88,105.63,108.23,102.47,104.98,106.81,103.7,103.53,107.58,104.23,105.78,103.15,106.10,104.92,100.13,111.1,101.23,107.0,105.73,108.6,154.39,105.45
2019-04-01,105.58,105.26,105.58,105.10,105.10,105.08,108.11,104.60,107.1,102.7,105.4,110.50,102.0,103.33,105.06,104.93,102.86,104.0,100.74,108.86,109.85,105.92,109.20,105.57,106.11,107.12,104.7,104.60,108.30,104.93,106.01,103.90,106.82,105.65,101.89,111.6,101.85,107.6,106.70,109.4,157.00,106.09
2019-05-01,105.79,105.44,105.79,105.24,105.24,105.22,108.16,104.76,107.8,102.7,105.7,110.93,101.9,102.93,105.31,105.06,103.30,104.1,101.03,109.53,110.15,106.47,110.00,107.02,105.82,107.18,105.0,104.87,108.86,105.75,106.39,103.67,107.12,105.85,101.88,111.3,101.63,107.9,107.30,109.2,158.49,106.30
2019-06-01,105.90,105.57,105.90,105.41,105.41,105.39,108.09,104.73,108.0,102.4,106.0,111.47,102.1,103.54,105.18,105.35,103.59,104.2,102.26,109.85,109.87,106.11,109.75,108.45,105.67,107.11,105.2,105.27,108.43,106.10,106.49,103.71,106.94,105.96,103.52,111.4,101.82,107.9,105.32,109.1,158.53,106.23
2019-07-01,105.59,105.22,105.59,104.91,104.91,104.89,107.21,106.13,108.4,103.1,106.4,111.10,101.9,102.32,103.98,105.11,104.12,102.3,101.81,108.89,109.51,105.30,109.98,108.76,106.67,106.26,105.2,103.46,108.23,105.38,106.64,103.38,107.45,105.67,104.48,112.1,101.87,107.9,105.38,109.0,160.68,106.39
2019-08-01,105.73,105.31,105.73,105.06,105.06,105.04,108.34,106.33,108.5,102.7,106.3,111.87,102.3,101.74,103.87,105.67,103.73,102.3,103.49,109.08,109.03,106.54,109.89,109.63,107.32,106.34,105.1,103.34,108.24,105.79,106.87,103.79,106.91,105.79,104.10,111.3,101.94,108.4,105.88,109.1,162.07,106.28
2019-09-01,105.90,105.49,105.90,105.29,105.29,105.27,107.70,105.07,108.0,102.4,106.2,111.70,102.0,103.30,104.28,105.28,103.54,103.7,101.65,108.91,110.02,106.50,109.91,108.44,106.16,107.42,105.2,104.76,108.30,105.64,106.97,103.83,107.43,105.97,102.68,111.9,101.56,108.5,105.00,108.6,163.67,106.28
2019-10-01,106.03,105.67,106.03,105.44,105.44,105.41,108.01,105.23,108.5,102.9,106.3,111.45,101.8,103.23,104.97,105.20,103.79,103.9,101.27,109.06,110.10,106.53,110.58,106.90,106.82,107.72,105.5,104.39,108.68,105.74,106.87,103.98,107.57,106.10,101.97,112.0,101.37,108.3,104.81,108.7,166.95,106.50
2019-11-01,105.85,105.42,105.85,105.10,105.10,105.08,108.02,105.56,108.6,102.6,105.4,110.95,101.6,102.51,105.01,105.27,103.39,103.6,100.73,108.68,110.10,106.56,110.66,103.69,106.01,107.92,105.6,103.66,108.90,105.77,107.05,103.92,107.67,105.92,100.94,112.4,100.92,108.5,104.49,108.9,167.59,106.34
2019-12-01,106.14,105.76,106.14,105.43,105.43,105.41,108.38,106.41,108.8,102.4,106.0,110.59,101.8,102.95,104.88,105.78,103.25,103.8,100.03,108.48,110.62,106.68,110.96,103.44,106.24,108.69,106.2,103.40,109.31,105.71,106.89,104.10,108.14,106.21,101.56,112.0,101.17,108.5,104.62,109.3,168.83,106.15
2020-01-01,105.44,105.00,105.44,104.37,104.37,104.34,107.17,106.94,110.5,102.6,105.1,109.94,101.1,101.63,103.42,105.24,103.12,101.9,99.22,108.85,110.81,106.21,111.92,101.97,104.85,107.91,106.9,102.57,110.09,105.15,108.23,103.72,106.73,105.51,100.31,111.9,100.80,108.2,104.79,109.9,171.11,106.58
2020-02-01,105.66,105.22,:,104.56,104.56,104.53,108.74,106.95,110.8,103.0,105.7,110.56,101.7,101.27,103.36,105.27,102.65,101.4,99.37,109.04,110.84,107.25,112.22,102.63,105.77,107.92,107.5,101.99,110.05,105.56,108.37,104.20,107.21,105.73,101.76,111.8,100.70,108.6,105.07,110.6,171.71,106.90
2020-03-01,106.14,105.70,:,105.13,105.13,105.11,108.32,106.46,110.8,102.7,105.8,109.89,102.1,102.51,103.98,105.34,102.68,103.6,99.59,109.35,110.69,105.99,112.48,103.68,106.09,108.50,107.7,103.67,110.47,104.91,108.34,104.03,106.97,106.20,101.17,111.7,100.78,108.6,105.44,110.5,172.70,106.53
2020-04-01,106.37,105.93,:,105.43,105.43,105.41,108.10,106.01,110.6,102.6,106.2,109.52,101.7,102.39,104.35,105.32,102.71,104.1,99.52,108.78,110.86,105.10,111.95,106.70,107.14,108.75,107.7,104.46,110.76,103.56,108.26,103.58,106.58,106.44,101.83,112.3,100.87,108.5,105.91,110.7,174.17,105.54
2020-05-01,106.38,105.94,:,105.33,105.33,105.31,107.92,105.76,111.1,102.5,106.2,108.91,101.1,102.23,104.41,105.49,102.58,103.8,99.62,108.50,110.34,104.78,112.45,108.02,106.94,107.81,108.6,104.20,110.77,104.30,108.58,103.52,107.25,106.45,102.78,112.5,100.65,108.5,106.57,110.4,176.54,105.47
2020-06-01,106.76,106.31,:,105.69,105.69,105.67,108.33,105.69,111.7,102.6,106.9,109.67,101.5,101.56,104.87,105.58,103.14,103.8,99.97,108.68,110.81,105.72,112.92,109.49,107.45,108.25,109.2,105.50,110.78,105.21,108.46,103.77,107.93,106.82,103.81,112.8,100.53,108.6,107.76,111.1,178.54,106.20
2020-07-01,106.51,106.06,:,105.32,105.32,105.30,109.05,106.58,112.3,103.5,106.4,109.69,101.3,100.17,103.23,106.01,103.48,103.1,99.73,108.99,110.53,105.40,114.25,109.54,108.42,108.14,109.1,103.38,110.95,105.05,108.54,104.07,108.18,106.59,104.34,113.7,100.63,109.1,107.45,111.4,179.59,106.85
2020-08-01,106.13,105.69,:,104.88,104.88,104.85,107.38,107.01,112.3,103.1,106.2,110.38,101.2,99.45,103.23,105.89,103.27,101.8,100.50,108.53,110.32,106.34,114.24,110.35,107.65,107.82,109.0,103.12,110.93,105.02,108.41,104.09,107.99,106.21,105.01,113.1,100.54,108.6,107.93,111.2,181.13,107.24
2020-09-01,106.17,105.73,:,104.96,104.96,104.93,108.21,105.70,111.6,102.9,105.8,110.22,100.8,100.91,103.69,105.30,103.18,102.7,99.70,108.45,110.66,106.13,113.70,108.96,107.19,108.67,109.2,103.92,110.53,104.85,108.45,104.11,108.06,106.26,104.16,113.5,100.44,109.1,107.22,110.6,182.90,107.39
2020-10-01,106.37,105.92,:,105.15,105.15,105.13,108.47,105.87,111.7,103.2,105.8,109.51,100.3,101.13,104.01,105.27,103.60,103.3,99.87,108.32,110.65,106.08,113.91,107.54,108.05,108.93,109.5,103.80,110.67,105.20,108.61,104.22,107.99,106.45,103.70,113.9,100.45,109.1,107.04,110.7,186.80,107.35
2020-11-01,106.07,105.63,:,104.80,104.80,104.77,108.27,105.89,111.6,103.0,104.7,109.63,100.6,100.31,104.12,105.50,103.36,103.3,99.67,107.97,110.49,105.86,113.72,103.93,106.72,109.13,109.5,103.24,110.70,104.56,108.71,104.10,107.91,106.15,103.59,112.9,100.09,108.9,107.67,110.7,191.09,107.24
2020-12-01,106.41,105.97,:,105.15,105.15,105.12,108.76,106.43,111.4,102.8,105.3,109.62,100.8,100.49,104.28,105.75,102.96,103.5,99.24,107.95,110.54,106.32,114.08,103.61,107.22,109.79,109.8,103.10,111.32,104.48,108.65,104.30,108.79,106.49,103.95,113.6,100.19,:,107.86,110.7,193.48,107.33
2021-01-01,106.72,106.27,:,105.32,105.32,105.30,107.82,106.59,112.9,103.0,106.8,110.22,101.0,99.20,103.87,106.03,103.08,102.6,98.41,108.36,111.05,107.33,115.12,102.22,106.51,109.05,110.8,102.76,112.29,104.20,109.00,104.76,108.73,106.81,103.77,114.9,100.24,:,107.51,111.2,196.72,107.89
2021-02-01,107.00,106.55,:,105.54,105.54,105.52,109.08,107.16,113.1,103.5,107.4,111.16,101.3,99.39,103.27,106.07,103.32,102.4,98.50,108.83,111.33,106.67,115.94,102.75,107.76,109.40,111.4,102.27,112.76,104.41,109.31,105.12,109.11,107.10,104.62,115.8,100.32,:,107.68,111.9,198.50,108.60
2021-03-01,107.91,107.46,:,106.53,106.53,106.50,110.07,107.33,113.3,103.6,107.9,110.87,102.2,100.43,105.22,106.80,104.34,104.2,99.89,109.66,112.43,108.59,116.83,103.75,108.09,110.69,112.4,103.80,113.23,105.04,109.93,105.44,109.22,107.99,104.98,115.5,100.53,:,108.24,112.4,200.65,109.55
2021-04-01,108.53,108.08,:,107.14,107.14,107.11,110.32,108.08,114.0,104.1,108.4,111.30,102.8,101.29,106.39,107.02,104.90,105.1,100.70,110.65,113.57,108.56,117.75,106.77,108.95,110.83,113.2,104.36,113.70,105.85,110.10,105.85,109.54,108.61,105.37,115.9,100.79,:,109.15,113.6,204.02,110.67
2021-05-01,108.83,108.38,:,107.42,107.42,107.39,110.62,108.23,114.1,104.4,108.7,112.38,103.0,100.98,106.95,107.38,105.01,105.0,101.15,111.27,114.19,109.02,118.40,108.19,109.11,111.04,113.6,104.70,114.34,106.62,110.78,105.88,109.79,108.91,106.20,115.7,100.99,:,110.09,114.3,205.82,111.75
2021-06-01,109.10,108.65,:,107.70,107.70,107.67,111.11,108.20,114.5,104.5,109.1,113.76,103.1,102.17,107.46,107.57,105.40,105.2,102.17,111.60,114.74,109.35,118.93,109.66,109.27,111.28,113.7,104.91,114.62,107.03,111.19,105.75,109.87,109.18,108.01,116.2,101.00,:,110.27,114.6,209.82,113.01
2021-07-01,109.14,108.68,:,107.60,107.60,107.57,110.58,108.97,115.3,105.3,109.7,115.07,103.5,100.83,106.18,107.64,106.30,104.1,102.40,112.04,115.30,108.92,119.59,109.88,109.96,111.18,114.2,104.53,115.15,107.10,111.70,105.97,110.18,109.23,108.23,117.4,101.12,:,110.47,114.8,213.59,113.62
2021-08-01,109.50,109.04,:,107.98,107.98,107.94,112.41,109.73,115.8,105.0,109.8,115.86,104.2,100.68,106.65,108.38,106.51,104.3,103.86,112.46,115.79,110.08,119.86,110.77,110.54,111.23,114.5,104.41,115.35,107.19,111.97,106.00,110.72,109.59,108.85,117.4,101.33,:,111.46,115.9,215.96,113.83
2021-09-01,110.03,109.57,:,108.49,108.49,108.44,112.35,109.92,116.1,105.4,110.1,117.25,104.6,102.83,107.87,108.16,106.80,105.7,103.31,113.53,117.72,110.40,120.01,109.72,110.37,112.23,115.3,105.29,116.31,107.72,112.82,106.26,111.29,110.13,108.17,118.9,101.29,:,111.51,116.8,218.71,114.07
